typo_percent,distance
0,0.12922360788336207
10,0.03944358884180377
20,0.08662428464182093
30,0.08692451175991411
40,0.062308344559629525
50,0.062308344559629525
